virus,env,mutation,assay,f.M,RI
NL4-3,wt,V513E,1,1,0
NL4-3,wt,V513E,1,0.9,0
NL4-3,wt,V513E,1,0.7,0.009
NL4-3,wt,V513E,1,0.5,0.058
NL4-3,wt,V513E,1,0.3,0.239
NL4-3,wt,V513E,1,0.1,0.678
NL4-3,wt,V513E,1,0,1
NL4-3,wt,V513E,2,1,0
NL4-3,wt,V513E,2,0.9,0.0017
NL4-3,wt,V513E,2,0.7,0.0123
NL4-3,wt,V513E,2,0.5,0.074
NL4-3,wt,V513E,2,0.3,0.259
NL4-3,wt,V513E,2,0.1,0.707
NL4-3,wt,V513E,2,0,1
NL4-3,wt,V513E,3,1,0
NL4-3,wt,V513E,3,0.9,0.009
NL4-3,wt,V513E,3,0.7,0.018
NL4-3,wt,V513E,3,0.5,0.093
NL4-3,wt,V513E,3,0.3,0.324
NL4-3,wt,V513E,3,0.1,0.729
NL4-3,wt,V513E,3,0,1
NL4-3,wt,V513E,4,1,0
NL4-3,wt,V513E,4,0.9,0.01
NL4-3,wt,V513E,4,0.7,0.01
NL4-3,wt,V513E,4,0.5,0.091
NL4-3,wt,V513E,4,0.3,0.273
NL4-3,wt,V513E,4,0.1,0.831
NL4-3,wt,V513E,4,0,1
NL4-3,wt,V513E,5,1,0
NL4-3,wt,V513E,5,0.9,0.003
NL4-3,wt,V513E,5,0.7,0.014
NL4-3,wt,V513E,5,0.5,0.075
NL4-3,wt,V513E,5,0.3,0.247
NL4-3,wt,V513E,5,0.1,0.744
NL4-3,wt,V513E,5,0,1
NL4-3,V1V2,V513E,1,1,0
NL4-3,V1V2,V513E,1,0.9,0
NL4-3,V1V2,V513E,1,0.7,0.02
NL4-3,V1V2,V513E,1,0.5,0.128
NL4-3,V1V2,V513E,1,0.3,0.301
NL4-3,V1V2,V513E,1,0.1,0.729
NL4-3,V1V2,V513E,1,0,1
NL4-3,V1V2,V513E,2,1,0
NL4-3,V1V2,V513E,2,0.9,0
NL4-3,V1V2,V513E,2,0.7,0.028
NL4-3,V1V2,V513E,2,0.5,0.133
NL4-3,V1V2,V513E,2,0.3,0.335
NL4-3,V1V2,V513E,2,0.1,0.78
NL4-3,V1V2,V513E,2,0,1
NL4-3,V1V2,V513E,3,1,0
NL4-3,V1V2,V513E,3,0.9,0.001
NL4-3,V1V2,V513E,3,0.7,0.026
NL4-3,V1V2,V513E,3,0.5,0.11
NL4-3,V1V2,V513E,3,0.3,0.28
NL4-3,V1V2,V513E,3,0.1,0.699
NL4-3,V1V2,V513E,3,0,1
NL4-3,V1V2,V513E,4,1,0
NL4-3,V1V2,V513E,4,0.9,0.001
NL4-3,V1V2,V513E,4,0.7,0.024
NL4-3,V1V2,V513E,4,0.5,0.113
NL4-3,V1V2,V513E,4,0.3,0.296
NL4-3,V1V2,V513E,4,0.1,0.728
NL4-3,V1V2,V513E,4,0,1
NL4-3,wt,R508S/R511S,1,1,0
NL4-3,wt,R508S/R511S,1,0.9,0
NL4-3,wt,R508S/R511S,1,0.7,0.03
NL4-3,wt,R508S/R511S,1,0.5,0.2
NL4-3,wt,R508S/R511S,1,0.3,0.516
NL4-3,wt,R508S/R511S,1,0.1,0.834
NL4-3,wt,R508S/R511S,1,0,1
NL4-3,wt,R508S/R511S,2,1,0
NL4-3,wt,R508S/R511S,2,0.9,0
NL4-3,wt,R508S/R511S,2,0.7,0.026
NL4-3,wt,R508S/R511S,2,0.5,0.213
NL4-3,wt,R508S/R511S,2,0.3,0.525
NL4-3,wt,R508S/R511S,2,0.1,0.813
NL4-3,wt,R508S/R511S,2,0,1
NL4-3,wt,R508S/R511S,3,1,0
NL4-3,wt,R508S/R511S,3,0.9,0.001
NL4-3,wt,R508S/R511S,3,0.7,0.024
NL4-3,wt,R508S/R511S,3,0.5,0.194
NL4-3,wt,R508S/R511S,3,0.3,0.488
NL4-3,wt,R508S/R511S,3,0.1,0.82
NL4-3,wt,R508S/R511S,3,0,1
NL4-3,V1V2,R508S/R511S,1,1,0
NL4-3,V1V2,R508S/R511S,1,0.9,0
NL4-3,V1V2,R508S/R511S,1,0.7,0.019
NL4-3,V1V2,R508S/R511S,1,0.5,0.058
NL4-3,V1V2,R508S/R511S,1,0.3,0.248
NL4-3,V1V2,R508S/R511S,1,0.1,0.624
NL4-3,V1V2,R508S/R511S,1,0,1
NL4-3,V1V2,R508S/R511S,2,1,0
NL4-3,V1V2,R508S/R511S,2,0.9,0.001
NL4-3,V1V2,R508S/R511S,2,0.7,0.002
NL4-3,V1V2,R508S/R511S,2,0.5,0.039
NL4-3,V1V2,R508S/R511S,2,0.3,0.226
NL4-3,V1V2,R508S/R511S,2,0.1,0.579
NL4-3,V1V2,R508S/R511S,2,0,1
NL4-3,V1V2,R508S/R511S,3,1,0
NL4-3,V1V2,R508S/R511S,3,0.9,0
NL4-3,V1V2,R508S/R511S,3,0.7,0.001
NL4-3,V1V2,R508S/R511S,3,0.5,0.031
NL4-3,V1V2,R508S/R511S,3,0.3,0.234
NL4-3,V1V2,R508S/R511S,3,0.1,0.601
NL4-3,V1V2,R508S/R511S,3,0,1
JRFL,wt,R508S/R511S,1,0,1
JRFL,wt,R508S/R511S,1,0.1,0.98
JRFL,wt,R508S/R511S,1,0.3,0.633
JRFL,wt,R508S/R511S,1,0.5,0.367
JRFL,wt,R508S/R511S,1,0.7,0.091
JRFL,wt,R508S/R511S,1,0.9,0
JRFL,wt,R508S/R511S,1,1,0
JRFL,wt,R508S/R511S,2,0,1
JRFL,wt,R508S/R511S,2,0.1,0.949
JRFL,wt,R508S/R511S,2,0.3,0.628
JRFL,wt,R508S/R511S,2,0.5,0.401
JRFL,wt,R508S/R511S,2,0.7,0.121
JRFL,wt,R508S/R511S,2,0.9,0.01
JRFL,wt,R508S/R511S,2,1,0
JRFL,wt,R508S/R511S,3,0,1
JRFL,wt,R508S/R511S,3,0.1,0.97
JRFL,wt,R508S/R511S,3,0.3,0.658
JRFL,wt,R508S/R511S,3,0.5,0.31
JRFL,wt,R508S/R511S,3,0.7,0.082
JRFL,wt,R508S/R511S,3,0.9,0
JRFL,wt,R508S/R511S,3,1,0
JRFL,wt,R508S/R511S,4,0,1
JRFL,wt,R508S/R511S,4,0.1,0.975
JRFL,wt,R508S/R511S,4,0.3,0.681
JRFL,wt,R508S/R511S,4,0.5,0.414
JRFL,wt,R508S/R511S,4,0.7,0.163
JRFL,wt,R508S/R511S,4,0.9,0.005
JRFL,wt,R508S/R511S,4,1,0
JRFL,wt,R508S/R511S,5,0,1
JRFL,wt,R508S/R511S,5,0.1,0.882
JRFL,wt,R508S/R511S,5,0.3,0.693
JRFL,wt,R508S/R511S,5,0.5,0.366
JRFL,wt,R508S/R511S,5,0.7,0.106
JRFL,wt,R508S/R511S,5,0.9,0.007
JRFL,wt,R508S/R511S,5,1,0
JRFL,wt,R508S/R511S,6,0,1
JRFL,wt,R508S/R511S,6,0.1,0.94
JRFL,wt,R508S/R511S,6,0.3,0.656
JRFL,wt,R508S/R511S,6,0.5,0.451
JRFL,wt,R508S/R511S,6,0.7,0.112
JRFL,wt,R508S/R511S,6,0.9,0.004
JRFL,wt,R508S/R511S,6,1,0
JRFL,V1V2,R508S/R511S,1,0,1
JRFL,V1V2,R508S/R511S,1,0.1,0.636
JRFL,V1V2,R508S/R511S,1,0.3,0.273
JRFL,V1V2,R508S/R511S,1,0.5,0.079
JRFL,V1V2,R508S/R511S,1,0.7,0.01
JRFL,V1V2,R508S/R511S,1,0.9,0
JRFL,V1V2,R508S/R511S,1,1,0
JRFL,V1V2,R508S/R511S,2,0,1
JRFL,V1V2,R508S/R511S,2,0.1,0.741
JRFL,V1V2,R508S/R511S,2,0.3,0.266
JRFL,V1V2,R508S/R511S,2,0.5,0.08
JRFL,V1V2,R508S/R511S,2,0.7,0.017
JRFL,V1V2,R508S/R511S,2,0.9,0.001
JRFL,V1V2,R508S/R511S,2,1,0
JRFL,V1V2,R508S/R511S,3,0,1
JRFL,V1V2,R508S/R511S,3,0.1,0.897
JRFL,V1V2,R508S/R511S,3,0.3,0.415
JRFL,V1V2,R508S/R511S,3,0.5,0.18
JRFL,V1V2,R508S/R511S,3,0.7,0.06
JRFL,V1V2,R508S/R511S,3,0.9,0.01
JRFL,V1V2,R508S/R511S,3,1,0
JRFL,V1V2,R508S/R511S,4,0,1
JRFL,V1V2,R508S/R511S,4,0.1,0.792
JRFL,V1V2,R508S/R511S,4,0.3,0.395
JRFL,V1V2,R508S/R511S,4,0.5,0.117
JRFL,V1V2,R508S/R511S,4,0.7,0.022
JRFL,V1V2,R508S/R511S,4,0.9,0
JRFL,V1V2,R508S/R511S,4,1,0
JRFL,V1V2,R508S/R511S,5,0,1
JRFL,V1V2,R508S/R511S,5,0.1,0.791
JRFL,V1V2,R508S/R511S,5,0.3,0.39
JRFL,V1V2,R508S/R511S,5,0.5,0.223
JRFL,V1V2,R508S/R511S,5,0.7,0.061
JRFL,V1V2,R508S/R511S,5,0.9,0.01
JRFL,V1V2,R508S/R511S,5,1,0
JRFL,wt,V513E,1,1,5.00E-04
JRFL,wt,V513E,1,0.9,0.0177
JRFL,wt,V513E,1,0.7,0.169
JRFL,wt,V513E,1,0.5,0.405
JRFL,wt,V513E,1,0.3,0.669
JRFL,wt,V513E,1,0.1,0.967
JRFL,wt,V513E,1,0,1
JRFL,wt,V513E,2,1,0
JRFL,wt,V513E,2,0.9,0.02
JRFL,wt,V513E,2,0.7,0.159
JRFL,wt,V513E,2,0.5,0.439
JRFL,wt,V513E,2,0.3,0.68
JRFL,wt,V513E,2,0.1,0.89
JRFL,wt,V513E,2,0,1
JRFL,wt,V513E,3,1,0
JRFL,wt,V513E,3,0.9,0.01
JRFL,wt,V513E,3,0.7,0.09
JRFL,wt,V513E,3,0.5,0.288
JRFL,wt,V513E,3,0.3,0.559
JRFL,wt,V513E,3,0.1,0.86
JRFL,wt,V513E,3,0,1
JRFL,wt,V513E,4,1,0
JRFL,wt,V513E,4,0.9,0.004
JRFL,wt,V513E,4,0.7,0.081
JRFL,wt,V513E,4,0.5,0.297
JRFL,wt,V513E,4,0.3,0.55
JRFL,wt,V513E,4,0.1,0.932
JRFL,wt,V513E,4,0,1
JRFL,wt,V513E,5,1,0
JRFL,wt,V513E,5,0.9,0.025
JRFL,wt,V513E,5,0.7,0.191
JRFL,wt,V513E,5,0.5,0.42
JRFL,wt,V513E,5,0.3,0.701
JRFL,wt,V513E,5,0.1,0.888
JRFL,wt,V513E,5,0,1
JRFL,V1V2,V513E,1,1,0
JRFL,V1V2,V513E,1,0.9,0
JRFL,V1V2,V513E,1,0.7,0.057
JRFL,V1V2,V513E,1,0.5,0.118
JRFL,V1V2,V513E,1,0.3,0.315
JRFL,V1V2,V513E,1,0.1,0.75
JRFL,V1V2,V513E,1,0,1
JRFL,V1V2,V513E,2,1,0
JRFL,V1V2,V513E,2,0.9,0.014
JRFL,V1V2,V513E,2,0.7,0.035
JRFL,V1V2,V513E,2,0.5,0.114
JRFL,V1V2,V513E,2,0.3,0.335
JRFL,V1V2,V513E,2,0.1,0.76
JRFL,V1V2,V513E,2,0,1
SF162,wt,R508S/R511S,1,1,0
SF162,wt,R508S/R511S,1,0.9,0.002
SF162,wt,R508S/R511S,1,0.7,0.039
SF162,wt,R508S/R511S,1,0.5,0.191
SF162,wt,R508S/R511S,1,0.3,0.488
SF162,wt,R508S/R511S,1,0.1,0.928
SF162,wt,R508S/R511S,1,0,1
SF162,wt,R508S/R511S,2,1,0
SF162,wt,R508S/R511S,2,0.9,0.005
SF162,wt,R508S/R511S,2,0.7,0.035
SF162,wt,R508S/R511S,2,0.5,0.192
SF162,wt,R508S/R511S,2,0.3,0.525
SF162,wt,R508S/R511S,2,0.1,0.852
SF162,wt,R508S/R511S,2,0,1
SF162,wt,R508S/R511S,3,1,0
SF162,wt,R508S/R511S,3,0.9,0.003
SF162,wt,R508S/R511S,3,0.7,0.036
SF162,wt,R508S/R511S,3,0.5,0.183
SF162,wt,R508S/R511S,3,0.3,0.524
SF162,wt,R508S/R511S,3,0.1,0.856
SF162,wt,R508S/R511S,3,0,1
SF162,wt,R508S/R511S,4,1,0
SF162,wt,R508S/R511S,4,0.9,0
SF162,wt,R508S/R511S,4,0.7,0.04
SF162,wt,R508S/R511S,4,0.5,0.225
SF162,wt,R508S/R511S,4,0.3,0.577
SF162,wt,R508S/R511S,4,0.1,0.929
SF162,wt,R508S/R511S,4,0,1
SF162,V1V2,R508S/R511S,1,1,0
SF162,V1V2,R508S/R511S,1,0.9,0
SF162,V1V2,R508S/R511S,1,0.7,0.06
SF162,V1V2,R508S/R511S,1,0.5,0.24
SF162,V1V2,R508S/R511S,1,0.3,0.556
SF162,V1V2,R508S/R511S,1,0.1,0.901
SF162,V1V2,R508S/R511S,1,0,1
SF162,V1V2,R508S/R511S,2,1,0
SF162,V1V2,R508S/R511S,2,0.9,0.006
SF162,V1V2,R508S/R511S,2,0.7,0.068
SF162,V1V2,R508S/R511S,2,0.5,0.215
SF162,V1V2,R508S/R511S,2,0.3,0.506
SF162,V1V2,R508S/R511S,2,0.1,0.876
SF162,V1V2,R508S/R511S,2,0,1
SF162,wt,V513E,1,1,0
SF162,wt,V513E,1,0.9,0.018
SF162,wt,V513E,1,0.7,0.109
SF162,wt,V513E,1,0.5,0.271
SF162,wt,V513E,1,0.3,0.585
SF162,wt,V513E,1,0.1,0.922
SF162,wt,V513E,1,0,1
SF162,wt,V513E,2,1,0
SF162,wt,V513E,2,0.9,0.027
SF162,wt,V513E,2,0.7,0.144
SF162,wt,V513E,2,0.5,0.307
SF162,wt,V513E,2,0.3,0.63
SF162,wt,V513E,2,0.1,0.94
SF162,wt,V513E,2,0,1
SF162,wt,V513E,3,1,0
SF162,wt,V513E,3,0.8,0.062
SF162,wt,V513E,3,0.6,0.208
SF162,wt,V513E,3,0.4,0.482
SF162,wt,V513E,3,0.2,0.76
SF162,wt,V513E,3,0,1
SF162,wt,V513E,4,1,0
SF162,wt,V513E,4,0.9,0.022
SF162,wt,V513E,4,0.7,0.12
SF162,wt,V513E,4,0.5,0.268
SF162,wt,V513E,4,0.3,0.5
SF162,wt,V513E,4,0.1,0.78
SF162,wt,V513E,4,0,1
SF162,V1V2,V513E,1,1,0
SF162,V1V2,V513E,1,0.9,0.024
SF162,V1V2,V513E,1,0.7,0.11
SF162,V1V2,V513E,1,0.5,0.275
SF162,V1V2,V513E,1,0.3,0.599
SF162,V1V2,V513E,1,0.1,0.909
SF162,V1V2,V513E,1,0,1
SF162,V1V2,V513E,2,1,0
SF162,V1V2,V513E,2,0.9,0.023
SF162,V1V2,V513E,2,0.7,0.088
SF162,V1V2,V513E,2,0.5,0.264
SF162,V1V2,V513E,2,0.3,0.561
SF162,V1V2,V513E,2,0.1,0.898
SF162,V1V2,V513E,2,0,1
ZM214,wt,R508S/R511S,1,0,1
ZM214,wt,R508S/R511S,1,0.1,0.866
ZM214,wt,R508S/R511S,1,0.3,0.337
ZM214,wt,R508S/R511S,1,0.5,0.177
ZM214,wt,R508S/R511S,1,0.7,0.016
ZM214,wt,R508S/R511S,1,0.9,0
ZM214,wt,R508S/R511S,1,1,0
ZM214,wt,R508S/R511S,2,0,1
ZM214,wt,R508S/R511S,2,0.1,0.889
ZM214,wt,R508S/R511S,2,0.3,0.424
ZM214,wt,R508S/R511S,2,0.5,0.095
ZM214,wt,R508S/R511S,2,0.7,0.009
ZM214,wt,R508S/R511S,2,0.9,0.001
ZM214,wt,R508S/R511S,2,1,0
ZM214,wt,R508S/R511S,3,0,1
ZM214,wt,R508S/R511S,3,0.1,1
ZM214,wt,R508S/R511S,3,0.3,0.585
ZM214,wt,R508S/R511S,3,0.5,0.187
ZM214,wt,R508S/R511S,3,0.7,0.027
ZM214,wt,R508S/R511S,3,0.9,0.003
ZM214,wt,R508S/R511S,3,1,0
ZM214,wt,R508S/R511S,4,0,1
ZM214,wt,R508S/R511S,4,0.1,1
ZM214,wt,R508S/R511S,4,0.3,0.534
ZM214,wt,R508S/R511S,4,0.5,0.179
ZM214,wt,R508S/R511S,4,0.7,0.022
ZM214,wt,R508S/R511S,4,0.9,0.002
ZM214,wt,R508S/R511S,4,1,0
ZM214,V1V2,R508S/R511S,1,0,1
ZM214,V1V2,R508S/R511S,1,0.1,0.601
ZM214,V1V2,R508S/R511S,1,0.3,0.192
ZM214,V1V2,R508S/R511S,1,0.5,0.034
ZM214,V1V2,R508S/R511S,1,0.7,0.003
ZM214,V1V2,R508S/R511S,1,0.9,0
ZM214,V1V2,R508S/R511S,1,1,0
ZM214,V1V2,R508S/R511S,2,0,1
ZM214,V1V2,R508S/R511S,2,0.1,0.588
ZM214,V1V2,R508S/R511S,2,0.3,0.185
ZM214,V1V2,R508S/R511S,2,0.5,0.03
ZM214,V1V2,R508S/R511S,2,0.7,0.003
ZM214,V1V2,R508S/R511S,2,0.9,0
ZM214,V1V2,R508S/R511S,2,1,0
ZM214,V1V2,R508S/R511S,3,0,1
ZM214,V1V2,R508S/R511S,3,0.1,0.612
ZM214,V1V2,R508S/R511S,3,0.3,0.202
ZM214,V1V2,R508S/R511S,3,0.5,0.057
ZM214,V1V2,R508S/R511S,3,0.7,0.006
ZM214,V1V2,R508S/R511S,3,0.9,0.002
ZM214,V1V2,R508S/R511S,3,1,0
ZM214,V1V2,R508S/R511S,4,0,1
ZM214,V1V2,R508S/R511S,4,0.1,0.604
ZM214,V1V2,R508S/R511S,4,0.3,0.185
ZM214,V1V2,R508S/R511S,4,0.5,0.053
ZM214,V1V2,R508S/R511S,4,0.7,0.007
ZM214,V1V2,R508S/R511S,4,0.9,0.001
ZM214,V1V2,R508S/R511S,4,1,0
ZM214,wt,V513E,1,0,1
ZM214,wt,V513E,1,0.1,0.88
ZM214,wt,V513E,1,0.3,0.497
ZM214,wt,V513E,1,0.5,0.278
ZM214,wt,V513E,1,0.7,0.142
ZM214,wt,V513E,1,0.9,0.02
ZM214,wt,V513E,1,1,0
ZM214,wt,V513E,2,0,1
ZM214,wt,V513E,2,0.1,0.864
ZM214,wt,V513E,2,0.3,0.534
ZM214,wt,V513E,2,0.5,0.31
ZM214,wt,V513E,2,0.7,0.12
ZM214,wt,V513E,2,0.9,0.018
ZM214,wt,V513E,2,1,0
ZM214,wt,V513E,3,0,1
ZM214,wt,V513E,3,0.1,0.832
ZM214,wt,V513E,3,0.3,0.491
ZM214,wt,V513E,3,0.5,0.307
ZM214,wt,V513E,3,0.7,0.117
ZM214,wt,V513E,3,0.9,0.021
ZM214,wt,V513E,3,1,0
ZM214,wt,V513E,4,0,1
ZM214,wt,V513E,4,0.1,0.854
ZM214,wt,V513E,4,0.3,0.483
ZM214,wt,V513E,4,0.5,0.312
ZM214,wt,V513E,4,0.7,0.122
ZM214,wt,V513E,4,0.9,0.026
ZM214,wt,V513E,4,1,0
ZM214,V1V2,V513E,1,0,1
ZM214,V1V2,V513E,1,0.1,0.827
ZM214,V1V2,V513E,1,0.3,0.313
ZM214,V1V2,V513E,1,0.5,0.145
ZM214,V1V2,V513E,1,0.7,0.041
ZM214,V1V2,V513E,1,0.9,0.019
ZM214,V1V2,V513E,1,1,0
ZM214,V1V2,V513E,2,0,1
ZM214,V1V2,V513E,2,0.1,0.83
ZM214,V1V2,V513E,2,0.3,0.361
ZM214,V1V2,V513E,2,0.5,0.148
ZM214,V1V2,V513E,2,0.7,0.048
ZM214,V1V2,V513E,2,0.9,0.012
ZM214,V1V2,V513E,2,1,0
ZM214,V1V2,V513E,3,0,1
ZM214,V1V2,V513E,3,0.1,0.773
ZM214,V1V2,V513E,3,0.3,0.385
ZM214,V1V2,V513E,3,0.5,0.111
ZM214,V1V2,V513E,3,0.7,0.051
ZM214,V1V2,V513E,3,0.9,0.042
ZM214,V1V2,V513E,3,1,0
ZM214,V1V2,V513E,4,0,1
ZM214,V1V2,V513E,4,0.1,0.773
ZM214,V1V2,V513E,4,0.3,0.378
ZM214,V1V2,V513E,4,0.5,0.132
ZM214,V1V2,V513E,4,0.7,0.05
ZM214,V1V2,V513E,4,0.9,0.031
ZM214,V1V2,V513E,4,1,0
Cap88,wt,R508S/R511S,1,0,1
Cap88,wt,R508S/R511S,1,0.1,0.7
Cap88,wt,R508S/R511S,1,0.3,0.161
Cap88,wt,R508S/R511S,1,0.5,0.02
Cap88,wt,R508S/R511S,1,0.7,0.004
Cap88,wt,R508S/R511S,1,0.9,0.002
Cap88,wt,R508S/R511S,1,1,0
Cap88,wt,R508S/R511S,2,0,1
Cap88,wt,R508S/R511S,2,0.1,0.699
Cap88,wt,R508S/R511S,2,0.3,0.146
Cap88,wt,R508S/R511S,2,0.5,0.026
Cap88,wt,R508S/R511S,2,0.7,0.004
Cap88,wt,R508S/R511S,2,0.9,0.003
Cap88,wt,R508S/R511S,2,1,0
Cap88,wt,R508S/R511S,2,0,1
Cap88,wt,R508S/R511S,2,0.1,0.65
Cap88,wt,R508S/R511S,2,0.3,0.106
Cap88,wt,R508S/R511S,2,0.5,0.024
Cap88,wt,R508S/R511S,2,0.7,0.005
Cap88,wt,R508S/R511S,2,0.9,0.003
Cap88,wt,R508S/R511S,2,1,0
Cap88,wt,R508S/R511S,3,0,1
Cap88,wt,R508S/R511S,3,0.1,0.575
Cap88,wt,R508S/R511S,3,0.3,0.114
Cap88,wt,R508S/R511S,3,0.5,0.018
Cap88,wt,R508S/R511S,3,0.7,0.004
Cap88,wt,R508S/R511S,3,0.9,0.005
Cap88,wt,R508S/R511S,3,1,0
Cap88,V1V2,R508S/R511S,1,0,1
Cap88,V1V2,R508S/R511S,1,0.1,0.214
Cap88,V1V2,R508S/R511S,1,0.3,0.023
Cap88,V1V2,R508S/R511S,1,0.5,0.012
Cap88,V1V2,R508S/R511S,1,0.7,0.011
Cap88,V1V2,R508S/R511S,1,0.9,0.003
Cap88,V1V2,R508S/R511S,1,1,0
Cap88,V1V2,R508S/R511S,2,0,1
Cap88,V1V2,R508S/R511S,2,0.1,0.171
Cap88,V1V2,R508S/R511S,2,0.3,0.019
Cap88,V1V2,R508S/R511S,2,0.5,0.011
Cap88,V1V2,R508S/R511S,2,0.7,0.011
Cap88,V1V2,R508S/R511S,2,0.9,0.002
Cap88,V1V2,R508S/R511S,2,1,0
Cap88,V1V2,R508S/R511S,3,0,1
Cap88,V1V2,R508S/R511S,3,0.1,0.204
Cap88,V1V2,R508S/R511S,3,0.3,0.034
Cap88,V1V2,R508S/R511S,3,0.5,0.013
Cap88,V1V2,R508S/R511S,3,0.7,0
Cap88,V1V2,R508S/R511S,3,0.9,0
Cap88,V1V2,R508S/R511S,3,1,0
Cap88,V1V2,R508S/R511S,4,0,1
Cap88,V1V2,R508S/R511S,4,0.1,0.212
Cap88,V1V2,R508S/R511S,4,0.3,0.035
Cap88,V1V2,R508S/R511S,4,0.5,0.012
Cap88,V1V2,R508S/R511S,4,0.7,0
Cap88,V1V2,R508S/R511S,4,0.9,0
Cap88,V1V2,R508S/R511S,4,1,0
Cap88,wt,V513E,1,0,1
Cap88,wt,V513E,1,0.1,0.61
Cap88,wt,V513E,1,0.3,0.19
Cap88,wt,V513E,1,0.5,0.032
Cap88,wt,V513E,1,0.7,0.005
Cap88,wt,V513E,1,0.9,0.005
Cap88,wt,V513E,1,1,0
Cap88,wt,V513E,2,0,1
Cap88,wt,V513E,2,0.1,0.511
Cap88,wt,V513E,2,0.3,0.122
Cap88,wt,V513E,2,0.5,0.058
Cap88,wt,V513E,2,0.7,0.011
Cap88,wt,V513E,2,0.9,0.006
Cap88,wt,V513E,2,1,0
Cap88,wt,V513E,3,0,1
Cap88,wt,V513E,3,0.1,0.567
Cap88,wt,V513E,3,0.3,0.154
Cap88,wt,V513E,3,0.5,0.049
Cap88,wt,V513E,3,0.7,0.018
Cap88,wt,V513E,3,0.9,0.007
Cap88,wt,V513E,3,1,0
Cap88,V1V2,V513E,1,0,1
Cap88,V1V2,V513E,1,0.1,0.163
Cap88,V1V2,V513E,1,0.3,0.045
Cap88,V1V2,V513E,1,0.5,0.019
Cap88,V1V2,V513E,1,0.7,0.008
Cap88,V1V2,V513E,1,0.9,0.009
Cap88,V1V2,V513E,1,1,0
Cap88,V1V2,V513E,2,0,1
Cap88,V1V2,V513E,2,0.1,0.264
Cap88,V1V2,V513E,2,0.3,0.077
Cap88,V1V2,V513E,2,0.5,0.018
Cap88,V1V2,V513E,2,0.7,0.014
Cap88,V1V2,V513E,2,0.9,0.009
Cap88,V1V2,V513E,2,1,0
Cap88,V1V2,V513E,3,0,1
Cap88,V1V2,V513E,3,0.1,0.209
Cap88,V1V2,V513E,3,0.3,0.033
Cap88,V1V2,V513E,3,0.5,0.02
Cap88,V1V2,V513E,3,0.7,0.015
Cap88,V1V2,V513E,3,0.9,0.008
Cap88,V1V2,V513E,3,1,0
RHPA,wt,V513E,1,1,0
RHPA,wt,V513E,1,0.9,0.013
RHPA,wt,V513E,1,0.7,0.116
RHPA,wt,V513E,1,0.5,0.323
RHPA,wt,V513E,1,0.3,0.736
RHPA,wt,V513E,1,0.1,0.946
RHPA,wt,V513E,1,0,1
RHPA,wt,V513E,2,1,0
RHPA,wt,V513E,2,0.9,0.012
RHPA,wt,V513E,2,0.7,0.108
RHPA,wt,V513E,2,0.5,0.29
RHPA,wt,V513E,2,0.3,0.577
RHPA,wt,V513E,2,0.1,0.849
RHPA,wt,V513E,2,0,1
RHPA,wt,V513E,3,1,0
RHPA,wt,V513E,3,0.9,0.014
RHPA,wt,V513E,3,0.7,0.151
RHPA,wt,V513E,3,0.5,0.326
RHPA,wt,V513E,3,0.3,0.579
RHPA,wt,V513E,3,0.1,0.88
RHPA,wt,V513E,3,0,1
RHPA,wt,V513E,4,1,0
RHPA,wt,V513E,4,0.9,0.015
RHPA,wt,V513E,4,0.7,0.147
RHPA,wt,V513E,4,0.5,0.361
RHPA,wt,V513E,4,0.3,0.634
RHPA,wt,V513E,4,0.1,0.939
RHPA,wt,V513E,4,0,1
RHPA,V1V2,V513E,1,1,0
RHPA,V1V2,V513E,1,0.9,0.011
RHPA,V1V2,V513E,1,0.7,0.045
RHPA,V1V2,V513E,1,0.5,0.148
RHPA,V1V2,V513E,1,0.3,0.327
RHPA,V1V2,V513E,1,0.1,0.73
RHPA,V1V2,V513E,1,0,1
RHPA,V1V2,V513E,2,1,0
RHPA,V1V2,V513E,2,0.9,0.012
RHPA,V1V2,V513E,2,0.7,0.05
RHPA,V1V2,V513E,2,0.5,0.144
RHPA,V1V2,V513E,2,0.3,0.352
RHPA,V1V2,V513E,2,0.1,0.769
RHPA,V1V2,V513E,2,0,1
RHPA,wt,R508S/R511S,1,1,0
RHPA,wt,R508S/R511S,1,0.9,0.032
RHPA,wt,R508S/R511S,1,0.7,0.219
RHPA,wt,R508S/R511S,1,0.5,0.442
RHPA,wt,R508S/R511S,1,0.3,0.682
RHPA,wt,R508S/R511S,1,0.1,0.967
RHPA,wt,R508S/R511S,1,0,1
RHPA,wt,R508S/R511S,2,1,0
RHPA,wt,R508S/R511S,2,0.9,0.033
RHPA,wt,R508S/R511S,2,0.7,0.196
RHPA,wt,R508S/R511S,2,0.5,0.492
RHPA,wt,R508S/R511S,2,0.3,0.778
RHPA,wt,R508S/R511S,2,0.1,0.862
RHPA,wt,R508S/R511S,2,0,1
RHPA,wt,R508S/R511S,3,1,0
RHPA,wt,R508S/R511S,3,0.9,0.005
RHPA,wt,R508S/R511S,3,0.7,0.049
RHPA,wt,R508S/R511S,3,0.5,0.368
RHPA,wt,R508S/R511S,3,0.3,0.752
RHPA,wt,R508S/R511S,3,0.1,0.889
RHPA,wt,R508S/R511S,3,0,1
RHPA,wt,R508S/R511S,4,1,0
RHPA,wt,R508S/R511S,4,0.9,0.005
RHPA,wt,R508S/R511S,4,0.7,0.048
RHPA,wt,R508S/R511S,4,0.5,0.383
RHPA,wt,R508S/R511S,4,0.3,0.659
RHPA,wt,R508S/R511S,4,0.1,0.923
RHPA,wt,R508S/R511S,4,0,1
RHPA,V1V2,R508S/R511S,1,1,0
RHPA,V1V2,R508S/R511S,1,0.9,0.008
RHPA,V1V2,R508S/R511S,1,0.7,0.019
RHPA,V1V2,R508S/R511S,1,0.5,0.116
RHPA,V1V2,R508S/R511S,1,0.3,0.32
RHPA,V1V2,R508S/R511S,1,0.1,0.745
RHPA,V1V2,R508S/R511S,1,0,1
RHPA,V1V2,R508S/R511S,2,1,0
RHPA,V1V2,R508S/R511S,2,0.9,0.021
RHPA,V1V2,R508S/R511S,2,0.7,0.038
RHPA,V1V2,R508S/R511S,2,0.5,0.152
RHPA,V1V2,R508S/R511S,2,0.3,0.386
RHPA,V1V2,R508S/R511S,2,0.1,0.822
RHPA,V1V2,R508S/R511S,2,0,1
Ac10,wt,V513E,1,0,1
Ac10,wt,V513E,1,0.1,0.859
Ac10,wt,V513E,1,0.3,0.652
Ac10,wt,V513E,1,0.5,0.459
Ac10,wt,V513E,1,0.7,0.22
Ac10,wt,V513E,1,0.9,0.074
Ac10,wt,V513E,1,1,0
Ac10,wt,V513E,2,0,1
Ac10,wt,V513E,2,0.1,1
Ac10,wt,V513E,2,0.3,0.801
Ac10,wt,V513E,2,0.5,0.672
Ac10,wt,V513E,2,0.7,0.25
Ac10,wt,V513E,2,0.9,0.061
Ac10,wt,V513E,2,1,0
Ac10,wt,V513E,3,0,1
Ac10,wt,V513E,3,0.1,1
Ac10,wt,V513E,3,0.3,0.882
Ac10,wt,V513E,3,0.5,0.58
Ac10,wt,V513E,3,0.7,0.329
Ac10,wt,V513E,3,0.9,0.071
Ac10,wt,V513E,3,1,0
Ac10,V1V2,V513E,1,0,1
Ac10,V1V2,V513E,1,0.1,0.71
Ac10,V1V2,V513E,1,0.3,0.388
Ac10,V1V2,V513E,1,0.5,0.2
Ac10,V1V2,V513E,1,0.7,0.087
Ac10,V1V2,V513E,1,0.9,0.03
Ac10,V1V2,V513E,1,1,0
Ac10,V1V2,V513E,2,0,1
Ac10,V1V2,V513E,2,0.1,0.693
Ac10,V1V2,V513E,2,0.3,0.441
Ac10,V1V2,V513E,2,0.5,0.214
Ac10,V1V2,V513E,2,0.7,0.063
Ac10,V1V2,V513E,2,0.9,0.006
Ac10,V1V2,V513E,2,1,0
Ac10,V1V2,V513E,3,0,1
Ac10,V1V2,V513E,3,0.1,0.716
Ac10,V1V2,V513E,3,0.3,0.452
Ac10,V1V2,V513E,3,0.5,0.189
Ac10,V1V2,V513E,3,0.7,0.089
Ac10,V1V2,V513E,3,0.9,0.008
Ac10,V1V2,V513E,3,1,0
Ac10,wt,R508S/R511S,1,0,1
Ac10,wt,R508S/R511S,1,0.1,1
Ac10,wt,R508S/R511S,1,0.3,0.658
Ac10,wt,R508S/R511S,1,0.5,0.307
Ac10,wt,R508S/R511S,1,0.7,0.066
Ac10,wt,R508S/R511S,1,0.9,0.008
Ac10,wt,R508S/R511S,1,1,0
Ac10,wt,R508S/R511S,2,0,1
Ac10,wt,R508S/R511S,2,0.1,1
Ac10,wt,R508S/R511S,2,0.3,0.652
Ac10,wt,R508S/R511S,2,0.5,0.318
Ac10,wt,R508S/R511S,2,0.7,0.064
Ac10,wt,R508S/R511S,2,0.9,0.01
Ac10,wt,R508S/R511S,2,1,0
Ac10,V1V2,R508S/R511S,1,0,1
Ac10,V1V2,R508S/R511S,1,0.1,0.653
Ac10,V1V2,R508S/R511S,1,0.3,0.262
Ac10,V1V2,R508S/R511S,1,0.5,0.063
Ac10,V1V2,R508S/R511S,1,0.7,0.016
Ac10,V1V2,R508S/R511S,1,0.9,0.007
Ac10,V1V2,R508S/R511S,1,1,0
Ac10,V1V2,R508S/R511S,2,0,1
Ac10,V1V2,R508S/R511S,2,0.1,0.623
Ac10,V1V2,R508S/R511S,2,0.3,0.234
Ac10,V1V2,R508S/R511S,2,0.5,0.078
Ac10,V1V2,R508S/R511S,2,0.7,0.012
Ac10,V1V2,R508S/R511S,2,0.9,0.006
Ac10,V1V2,R508S/R511S,2,1,0
Rejo,wt,V513E,1,0,1
Rejo,wt,V513E,1,0.1,0.972
Rejo,wt,V513E,1,0.3,0.811
Rejo,wt,V513E,1,0.5,0.453
Rejo,wt,V513E,1,0.7,0.162
Rejo,wt,V513E,1,0.9,0.028
Rejo,wt,V513E,1,1,0
Rejo,wt,V513E,2,0,1
Rejo,wt,V513E,2,0.1,0.952
Rejo,wt,V513E,2,0.3,0.638
Rejo,wt,V513E,2,0.5,0.445
Rejo,wt,V513E,2,0.7,0.161
Rejo,wt,V513E,2,0.9,0.035
Rejo,wt,V513E,2,1,0
Rejo,wt,V513E,3,0,1
Rejo,wt,V513E,3,0.1,0.884
Rejo,wt,V513E,3,0.3,0.719
Rejo,wt,V513E,3,0.5,0.347
Rejo,wt,V513E,3,0.7,0.171
Rejo,wt,V513E,3,0.9,0.028
Rejo,wt,V513E,3,1,0
Rejo,V1V2,V513E,1,0,1
Rejo,V1V2,V513E,1,0.1,0.95
Rejo,V1V2,V513E,1,0.3,0.569
Rejo,V1V2,V513E,1,0.5,0.278
Rejo,V1V2,V513E,1,0.7,0.149
Rejo,V1V2,V513E,1,0.9,0.018
Rejo,V1V2,V513E,1,1,0
Rejo,V1V2,V513E,2,0,1
Rejo,V1V2,V513E,2,0.1,0.889
Rejo,V1V2,V513E,2,0.3,0.578
Rejo,V1V2,V513E,2,0.5,0.272
Rejo,V1V2,V513E,2,0.7,0.148
Rejo,V1V2,V513E,2,0.9,0.018
Rejo,V1V2,V513E,2,1,0
Rejo,V1V2,V513E,3,0,1
Rejo,V1V2,V513E,3,0.1,0.72
Rejo,V1V2,V513E,3,0.3,0.429
Rejo,V1V2,V513E,3,0.5,0.259
Rejo,V1V2,V513E,3,0.7,0.101
Rejo,V1V2,V513E,3,0.9,0.017
Rejo,V1V2,V513E,3,1,0
Rejo,wt,R508S/R511S,1,0,1
Rejo,wt,R508S/R511S,1,0.1,0.992
Rejo,wt,R508S/R511S,1,0.3,0.843
Rejo,wt,R508S/R511S,1,0.5,0.606
Rejo,wt,R508S/R511S,1,0.7,0.215
Rejo,wt,R508S/R511S,1,0.9,0.011
Rejo,wt,R508S/R511S,1,1,0
Rejo,wt,R508S/R511S,2,0,1
Rejo,wt,R508S/R511S,2,0.1,1
Rejo,wt,R508S/R511S,2,0.3,0.878
Rejo,wt,R508S/R511S,2,0.5,0.654
Rejo,wt,R508S/R511S,2,0.7,0.238
Rejo,wt,R508S/R511S,2,0.9,0.011
Rejo,wt,R508S/R511S,2,1,0
Rejo,V1V2,R508S/R511S,1,0,1
Rejo,V1V2,R508S/R511S,1,0.1,0.833
Rejo,V1V2,R508S/R511S,1,0.3,0.473
Rejo,V1V2,R508S/R511S,1,0.5,0.211
Rejo,V1V2,R508S/R511S,1,0.7,0.041
Rejo,V1V2,R508S/R511S,1,0.9,0.001
Rejo,V1V2,R508S/R511S,1,1,0
Rejo,V1V2,R508S/R511S,2,0,1
Rejo,V1V2,R508S/R511S,2,0.1,0.814
Rejo,V1V2,R508S/R511S,2,0.3,0.539
Rejo,V1V2,R508S/R511S,2,0.5,0.213
Rejo,V1V2,R508S/R511S,2,0.7,0.048
Rejo,V1V2,R508S/R511S,2,0.9,0.004
Rejo,V1V2,R508S/R511S,2,1,0
P3N,wt,R508S/R511S,1,1,0
P3N,wt,R508S/R511S,1,0.9,0.007
P3N,wt,R508S/R511S,1,0.7,0.207
P3N,wt,R508S/R511S,1,0.5,0.462
P3N,wt,R508S/R511S,1,0.3,0.768
P3N,wt,R508S/R511S,1,0.1,0.928
P3N,wt,R508S/R511S,1,0,1
P3N,wt,R508S/R511S,2,1,0
P3N,wt,R508S/R511S,2,0.9,0.005
P3N,wt,R508S/R511S,2,0.7,0.25
P3N,wt,R508S/R511S,2,0.5,0.575
P3N,wt,R508S/R511S,2,0.3,0.803
P3N,wt,R508S/R511S,2,0.1,0.964
P3N,wt,R508S/R511S,2,0,1
P3N,wt,R508S/R511S,3,1,0
P3N,wt,R508S/R511S,3,0.9,0.004
P3N,wt,R508S/R511S,3,0.7,0.125
P3N,wt,R508S/R511S,3,0.5,0.415
P3N,wt,R508S/R511S,3,0.3,0.87
P3N,wt,R508S/R511S,3,0.1,1
P3N,wt,R508S/R511S,3,0,1
P3N,wt,R508S/R511S,4,1,0
P3N,wt,R508S/R511S,4,0.9,0.007
P3N,wt,R508S/R511S,4,0.7,0.189
P3N,wt,R508S/R511S,4,0.5,0.573
P3N,wt,R508S/R511S,4,0.3,0.895
P3N,wt,R508S/R511S,4,0.1,0.985
P3N,wt,R508S/R511S,4,0,1
P3N,V1V2,R508S/R511S,1,1,0
P3N,V1V2,R508S/R511S,1,0.9,0.002
P3N,V1V2,R508S/R511S,1,0.7,0.009
P3N,V1V2,R508S/R511S,1,0.5,0.047
P3N,V1V2,R508S/R511S,1,0.3,0.202
P3N,V1V2,R508S/R511S,1,0.1,0.686
P3N,V1V2,R508S/R511S,1,0,1
P3N,V1V2,R508S/R511S,2,1,0
P3N,V1V2,R508S/R511S,2,0.9,0.003
P3N,V1V2,R508S/R511S,2,0.7,0.011
P3N,V1V2,R508S/R511S,2,0.5,0.047
P3N,V1V2,R508S/R511S,2,0.3,0.229
P3N,V1V2,R508S/R511S,2,0.1,0.7
P3N,V1V2,R508S/R511S,2,0,1
P3N,V1V2,R508S/R511S,3,1,0
P3N,V1V2,R508S/R511S,3,0.9,0.006
P3N,V1V2,R508S/R511S,3,0.7,0.023
P3N,V1V2,R508S/R511S,3,0.5,0.094
P3N,V1V2,R508S/R511S,3,0.3,0.385
P3N,V1V2,R508S/R511S,3,0.1,0.689
P3N,V1V2,R508S/R511S,3,0,1
P3N,V1V2,R508S/R511S,4,1,0
P3N,V1V2,R508S/R511S,4,0.9,0.002
P3N,V1V2,R508S/R511S,4,0.7,0.023
P3N,V1V2,R508S/R511S,4,0.5,0.101
P3N,V1V2,R508S/R511S,4,0.3,0.375
P3N,V1V2,R508S/R511S,4,0.1,0.738
P3N,V1V2,R508S/R511S,4,0,1
P3N,wt,V513E,1,1,0
P3N,wt,V513E,1,0.9,0.035
P3N,wt,V513E,1,0.7,0.313
P3N,wt,V513E,1,0.5,0.59
P3N,wt,V513E,1,0.3,0.78
P3N,wt,V513E,1,0.1,1
P3N,wt,V513E,1,0,1
P3N,wt,V513E,2,1,0
P3N,wt,V513E,2,0.9,0.032
P3N,wt,V513E,2,0.7,0.229
P3N,wt,V513E,2,0.5,0.444
P3N,wt,V513E,2,0.3,0.868
P3N,wt,V513E,2,0.1,1
P3N,wt,V513E,2,0,1
P3N,wt,V513E,3,1,0
P3N,wt,V513E,3,0.9,0.033
P3N,wt,V513E,3,0.7,0.219
P3N,wt,V513E,3,0.5,0.46
P3N,wt,V513E,3,0.3,0.701
P3N,wt,V513E,3,0.1,0.871
P3N,wt,V513E,3,0,1
P3N,wt,V513E,4,1,0
P3N,wt,V513E,4,0.9,0.027
P3N,wt,V513E,4,0.7,0.242
P3N,wt,V513E,4,0.5,0.479
P3N,wt,V513E,4,0.3,0.801
P3N,wt,V513E,4,0.1,0.991
P3N,wt,V513E,4,0,1
P3N,V1V2,V513E,1,1,0
P3N,V1V2,V513E,1,0.9,0.001
P3N,V1V2,V513E,1,0.7,0.019
P3N,V1V2,V513E,1,0.5,0.095
P3N,V1V2,V513E,1,0.3,0.29
P3N,V1V2,V513E,1,0.1,0.767
P3N,V1V2,V513E,1,0,1
P3N,V1V2,V513E,2,1,0
P3N,V1V2,V513E,2,0.9,0.001
P3N,V1V2,V513E,2,0.7,0.017
P3N,V1V2,V513E,2,0.5,0.085
P3N,V1V2,V513E,2,0.3,0.256
P3N,V1V2,V513E,2,0.1,0.651
P3N,V1V2,V513E,2,0,1
AK110,wt,R508S/R511S,1,0,1
AK110,wt,R508S/R511S,1,0.1,1
AK110,wt,R508S/R511S,1,0.3,0.854
AK110,wt,R508S/R511S,1,0.5,0.473
AK110,wt,R508S/R511S,1,0.7,0.123
AK110,wt,R508S/R511S,1,0.9,0.008
AK110,wt,R508S/R511S,1,1,0
AK110,wt,R508S/R511S,2,0,1
AK110,wt,R508S/R511S,2,0.1,1
AK110,wt,R508S/R511S,2,0.3,0.848
AK110,wt,R508S/R511S,2,0.5,0.472
AK110,wt,R508S/R511S,2,0.7,0.129
AK110,wt,R508S/R511S,2,0.9,0.005
AK110,wt,R508S/R511S,2,1,0
AK110,wt,R508S/R511S,3,0,1
AK110,wt,R508S/R511S,3,0.1,1
AK110,wt,R508S/R511S,3,0.3,0.84
AK110,wt,R508S/R511S,3,0.5,0.57
AK110,wt,R508S/R511S,3,0.7,0.2
AK110,wt,R508S/R511S,3,0.9,0.01
AK110,wt,R508S/R511S,3,1,0
AK110,V1V2,R508S/R511S,1,0,1
AK110,V1V2,R508S/R511S,1,0.1,0.639
AK110,V1V2,R508S/R511S,1,0.3,0.153
AK110,V1V2,R508S/R511S,1,0.5,0.025
AK110,V1V2,R508S/R511S,1,0.7,0.004
AK110,V1V2,R508S/R511S,1,0.9,0.002
AK110,V1V2,R508S/R511S,1,1,0
AK110,V1V2,R508S/R511S,1,0,1
AK110,V1V2,R508S/R511S,2,0.1,0.59
AK110,V1V2,R508S/R511S,2,0.3,0.148
AK110,V1V2,R508S/R511S,2,0.5,0.024
AK110,V1V2,R508S/R511S,2,0.7,0.005
AK110,V1V2,R508S/R511S,2,0.9,0.002
AK110,V1V2,R508S/R511S,2,1,0
AK110,wt,V513E,1,1,0
AK110,wt,V513E,1,0.9,0.025
AK110,wt,V513E,1,0.7,0.24
AK110,wt,V513E,1,0.5,0.463
AK110,wt,V513E,1,0.3,0.811
AK110,wt,V513E,1,0.1,1
AK110,wt,V513E,1,0,1
AK110,wt,V513E,2,1,0
AK110,wt,V513E,2,0.9,0.056
AK110,wt,V513E,2,0.7,0.227
AK110,wt,V513E,2,0.5,0.537
AK110,wt,V513E,2,0.3,0.778
AK110,wt,V513E,2,0.1,0.951
AK110,wt,V513E,2,0,1
AK110,wt,V513E,3,1,0
AK110,wt,V513E,3,0.9,0.02
AK110,wt,V513E,3,0.7,0.173
AK110,wt,V513E,3,0.5,0.498
AK110,wt,V513E,3,0.3,0.695
AK110,wt,V513E,3,0.1,0.98
AK110,wt,V513E,3,0,1
BG505,wt,V513E,1,0,1
BG505,wt,V513E,1,0.1,0.927
BG505,wt,V513E,1,0.3,0.606
BG505,wt,V513E,1,0.5,0.313
BG505,wt,V513E,1,0.7,0.133
BG505,wt,V513E,1,0.9,0.019
BG505,wt,V513E,1,1,0
BG505,wt,V513E,2,0,1
BG505,wt,V513E,2,0.1,0.97
BG505,wt,V513E,2,0.3,0.63
BG505,wt,V513E,2,0.5,0.393
BG505,wt,V513E,2,0.7,0.14
BG505,wt,V513E,2,0.9,0.018
BG505,wt,V513E,2,1,0
BG505,wt,V513E,3,0,1
BG505,wt,V513E,3,0.1,0.967
BG505,wt,V513E,3,0.3,0.608
BG505,wt,V513E,3,0.5,0.333
BG505,wt,V513E,3,0.7,0.133
BG505,wt,V513E,3,0.9,0.014
BG505,wt,V513E,3,1,0
BG505,wt,V513E,3,0,1
BG505,wt,V513E,4,0.1,0.98
BG505,wt,V513E,4,0.3,0.592
BG505,wt,V513E,4,0.5,0.333
BG505,wt,V513E,4,0.7,0.131
BG505,wt,V513E,4,0.9,0.016
BG505,wt,V513E,4,1,0
BG505,wt,R508S/R511S,1,0,1
BG505,wt,R508S/R511S,1,0.1,0.905
BG505,wt,R508S/R511S,1,0.3,0.465
BG505,wt,R508S/R511S,1,0.5,0.17
BG505,wt,R508S/R511S,1,0.7,0.037
BG505,wt,R508S/R511S,1,0.9,0.006
BG505,wt,R508S/R511S,1,1,0
BG505,wt,R508S/R511S,2,0,1
BG505,wt,R508S/R511S,2,0.1,0.987
BG505,wt,R508S/R511S,2,0.3,0.52
BG505,wt,R508S/R511S,2,0.5,0.198
BG505,wt,R508S/R511S,2,0.7,0.038
BG505,wt,R508S/R511S,2,0.9,0.007
BG505,wt,R508S/R511S,2,1,0
BG505,wt,R508S/R511S,3,0,1
BG505,wt,R508S/R511S,3,0.1,0.926
BG505,wt,R508S/R511S,3,0.3,0.509
BG505,wt,R508S/R511S,3,0.5,0.172
BG505,wt,R508S/R511S,3,0.7,0.039
BG505,wt,R508S/R511S,3,0.9,0.006
BG505,wt,R508S/R511S,3,1,0
BG505,wt,R508S/R511S,4,0,1
BG505,wt,R508S/R511S,4,0.1,0.981
BG505,wt,R508S/R511S,4,0.3,0.529
BG505,wt,R508S/R511S,4,0.5,0.192
BG505,wt,R508S/R511S,4,0.7,0.038
BG505,wt,R508S/R511S,4,0.9,0.002
BG505,wt,R508S/R511S,4,1,0
Cap88K160N,wt,R508S/R511S,1,0,1
Cap88K160N,wt,R508S/R511S,1,0.1,0.746
Cap88K160N,wt,R508S/R511S,1,0.3,0.259
Cap88K160N,wt,R508S/R511S,1,0.5,0.047
Cap88K160N,wt,R508S/R511S,1,0.7,0.005
Cap88K160N,wt,R508S/R511S,1,0.9,0.001
Cap88K160N,wt,R508S/R511S,1,1,0
Cap88K160N,wt,R508S/R511S,2,0,1
Cap88K160N,wt,R508S/R511S,2,0.1,0.69
Cap88K160N,wt,R508S/R511S,2,0.3,0.218
Cap88K160N,wt,R508S/R511S,2,0.5,0.039
Cap88K160N,wt,R508S/R511S,2,0.7,0.004
Cap88K160N,wt,R508S/R511S,2,0.9,0.001
Cap88K160N,wt,R508S/R511S,2,1,0
Cap88K160N,wt,V513E,1,0,1
Cap88K160N,wt,V513E,1,0.1,0.795
Cap88K160N,wt,V513E,1,0.3,0.232
Cap88K160N,wt,V513E,1,0.5,0.07
Cap88K160N,wt,V513E,1,0.7,0.021
Cap88K160N,wt,V513E,1,0.9,0.002
Cap88K160N,wt,V513E,1,1,0
Cap88K160N,wt,V513E,2,0,1
Cap88K160N,wt,V513E,2,0.1,0.673
Cap88K160N,wt,V513E,2,0.3,0.281
Cap88K160N,wt,V513E,2,0.5,0.066
Cap88K160N,wt,V513E,2,0.7,0.016
Cap88K160N,wt,V513E,2,0.9,0.001
Cap88K160N,wt,V513E,2,1,0
JRFL_CT,wt,V513E,1,0,1
JRFL_CT,wt,V513E,1,0.1,1
JRFL_CT,wt,V513E,1,0.3,0.858
JRFL_CT,wt,V513E,1,0.5,0.498
JRFL_CT,wt,V513E,1,0.7,0.172
JRFL_CT,wt,V513E,1,0.9,0.024
JRFL_CT,wt,V513E,1,1,0
JRFL_CT,wt,V513E,2,0,1
JRFL_CT,wt,V513E,2,0.1,0.976
JRFL_CT,wt,V513E,2,0.3,0.806
JRFL_CT,wt,V513E,2,0.5,0.485
JRFL_CT,wt,V513E,2,0.7,0.128
JRFL_CT,wt,V513E,2,0.9,0.023
JRFL_CT,wt,V513E,2,1,0
JRFL_CT,wt,R508S/R511S,1,0,1
JRFL_CT,wt,R508S/R511S,1,0.1,1
JRFL_CT,wt,R508S/R511S,1,0.3,0.814
JRFL_CT,wt,R508S/R511S,1,0.5,0.398
JRFL_CT,wt,R508S/R511S,1,0.7,0.16
JRFL_CT,wt,R508S/R511S,1,0.9,0.028
JRFL_CT,wt,R508S/R511S,1,1,0
JRFL_CT,wt,R508S/R511S,2,0,1
JRFL_CT,wt,R508S/R511S,2,0.1,1
JRFL_CT,wt,R508S/R511S,2,0.3,0.862
JRFL_CT,wt,R508S/R511S,2,0.5,0.517
JRFL_CT,wt,R508S/R511S,2,0.7,0.183
JRFL_CT,wt,R508S/R511S,2,0.9,0.037
JRFL_CT,wt,R508S/R511S,2,1,0
esc54,wt,R508S/R511S,1,0,1
esc54,wt,R508S/R511S,1,0.1,0.96
esc54,wt,R508S/R511S,1,0.3,0.808
esc54,wt,R508S/R511S,1,0.5,0.491
esc54,wt,R508S/R511S,1,0.7,0.166
esc54,wt,R508S/R511S,1,0.9,0.014
esc54,wt,R508S/R511S,1,1,0
esc54,wt,R508S/R511S,2,0,1
esc54,wt,R508S/R511S,2,0.1,0.935
esc54,wt,R508S/R511S,2,0.3,0.781
esc54,wt,R508S/R511S,2,0.5,0.435
esc54,wt,R508S/R511S,2,0.7,0.203
esc54,wt,R508S/R511S,2,0.9,0.015
esc54,wt,R508S/R511S,2,1,0
esc54,wt,V513E,1,0,1
esc54,wt,V513E,1,0.1,0.952
esc54,wt,V513E,1,0.3,0.693
esc54,wt,V513E,1,0.5,0.438
esc54,wt,V513E,1,0.7,0.178
esc54,wt,V513E,1,0.9,0.038
esc54,wt,V513E,1,1,0
esc54,wt,V513E,2,0,1
esc54,wt,V513E,2,0.1,0.891
esc54,wt,V513E,2,0.3,0.703
esc54,wt,V513E,2,0.5,0.442
esc54,wt,V513E,2,0.7,0.222
esc54,wt,V513E,2,0.9,0.04
esc54,wt,V513E,2,1,0